{"stats":{"minecraft:picked_up":{"minecraft:crafting_table":4,"minecraft:leather":5,"minecraft:oak_log":93,"minecraft:dirt":86,"minecraft:cooked_mutton":5,"minecraft:bone":1,"minecraft:apple":3,"minecraft:wheat_seeds":3,"minecraft:beef":14,"minecraft:rose_bush":2,"minecraft:poppy":1,"minecraft:sugar_cane":6,"minecraft:chest":1,"minecraft:furnace":2,"minecraft:stick":13,"minecraft:torch":3,"minecraft:dandelion":1,"minecraft:porkchop":1,"minecraft:spruce_sapling":3,"minecraft:white_bed":2,"minecraft:spruce_log":12,"minecraft:oak_sapling":17,"minecraft:mutton":9,"minecraft:coal":40,"minecraft:white_wool":7,"minecraft:cobblestone":33},"minecraft:dropped":{"minecraft:cobblestone":1,"minecraft:stone_pickaxe":1},"minecraft:killed":{"minecraft:pig":1,"minecraft:sheep":6,"minecraft:skeleton":2,"minecraft:cow":5},"minecraft:killed_by":{"minecraft:player":1,"minecraft:skeleton":1,"minecraft:zombie":1},"minecraft:used":{"minecraft:cooked_mutton":5,"minecraft:stone_pickaxe":68,"minecraft:chest":2,"minecraft:wooden_pickaxe":12,"minecraft:torch":6,"minecraft:dirt":56,"minecraft:crafting_table":6,"minecraft:white_bed":3,"minecraft:wooden_axe":30,"minecraft:stone_axe":117,"minecraft:cobblestone":2,"minecraft:beef":1,"minecraft:furnace":3,"minecraft:cooked_beef":1},"minecraft:mined":{"minecraft:white_bed":1,"minecraft:crafting_table":3,"minecraft:torch":1,"minecraft:grass_block":44,"minecraft:chest":1,"minecraft:rose_bush":2,"minecraft:spruce_leaves":10,"minecraft:sugar_cane":6,"minecraft:wall_torch":2,"minecraft:furnace":1,"minecraft:spruce_log":12,"minecraft:birch_leaves":1,"minecraft:grass":14,"minecraft:oak_log":95,"minecraft:coal_ore":45,"minecraft:dirt":34,"minecraft:stone":27,"minecraft:oak_leaves":16},"minecraft:broken":{"minecraft:stone_axe":1},"minecraft:custom":{"minecraft:interact_with_furnace":9,"minecraft:mob_kills":14,"minecraft:interact_with_crafting_table":16,"minecraft:leave_game":7,"minecraft:time_since_death":56368,"minecraft:sleep_in_bed":8,"minecraft:time_since_rest":5817,"minecraft:sprint_one_cm":142127,"minecraft:damage_taken":1449,"minecraft:walk_one_cm":164201,"minecraft:drop":2,"minecraft:damage_dealt":1519,"minecraft:swim_one_cm":12275,"minecraft:fly_one_cm":91379,"minecraft:player_kills":1,"minecraft:open_chest":1,"minecraft:crouch_one_cm":1151,"minecraft:play_time":67775,"minecraft:deaths":4,"minecraft:sneak_time":255,"minecraft:walk_under_water_one_cm":3884,"minecraft:jump":1193,"minecraft:walk_on_water_one_cm":5439,"minecraft:total_world_time":67775,"minecraft:fall_one_cm":26519},"minecraft:crafted":{"minecraft:cooked_beef":4,"minecraft:oak_planks":48,"minecraft:leather_boots":1,"minecraft:crafting_table":3,"minecraft:wooden_pickaxe":1,"minecraft:furnace":2,"minecraft:stone_axe":2,"minecraft:stick":16,"minecraft:stone_pickaxe":2,"minecraft:wooden_axe":1,"minecraft:stone_sword":1,"minecraft:chest":2,"minecraft:white_bed":1,"minecraft:torch":4}},"DataVersion":3465}