{"stats":{"minecraft:picked_up":{"minecraft:crafting_table":2,"minecraft:stick":12,"minecraft:leather":5,"minecraft:oak_log":93,"minecraft:white_bed":1,"minecraft:dirt":56,"minecraft:cooked_mutton":5,"minecraft:bone":1,"minecraft:apple":3,"minecraft:wheat_seeds":3,"minecraft:beef":14,"minecraft:rose_bush":2,"minecraft:poppy":1,"minecraft:oak_sapling":17,"minecraft:mutton":9,"minecraft:coal":2,"minecraft:white_wool":7,"minecraft:cobblestone":27,"minecraft:furnace":1},"minecraft:killed":{"minecraft:sheep":6,"minecraft:skeleton":2,"minecraft:cow":5},"minecraft:dropped":{"minecraft:stone_pickaxe":1},"minecraft:killed_by":{"minecraft:player":1,"minecraft:skeleton":1,"minecraft:zombie":1},"minecraft:crafted":{"minecraft:oak_planks":32,"minecraft:crafting_table":3,"minecraft:stick":12,"minecraft:wooden_pickaxe":1,"minecraft:stone_pickaxe":2,"minecraft:wooden_axe":1,"minecraft:furnace":2,"minecraft:white_bed":1,"minecraft:torch":4,"minecraft:stone_axe":1},"minecraft:used":{"minecraft:cooked_mutton":4,"minecraft:wooden_axe":10,"minecraft:stone_pickaxe":21,"minecraft:wooden_pickaxe":11,"minecraft:torch":1,"minecraft:stone_axe":117,"minecraft:dirt":33,"minecraft:beef":1,"minecraft:crafting_table":3,"minecraft:furnace":2,"minecraft:white_bed":1},"minecraft:mined":{"minecraft:birch_leaves":1,"minecraft:crafting_table":1,"minecraft:grass":12,"minecraft:grass_block":15,"minecraft:oak_log":95,"minecraft:coal_ore":2,"minecraft:rose_bush":2,"minecraft:dirt":32,"minecraft:stone":24,"minecraft:oak_leaves":16},"minecraft:broken":{"minecraft:stone_axe":1},"minecraft:custom":{"minecraft:time_since_rest":10331,"minecraft:interact_with_furnace":3,"minecraft:sprint_one_cm":118023,"minecraft:damage_taken":1319,"minecraft:walk_one_cm":113118,"minecraft:mob_kills":13,"minecraft:drop":1,"minecraft:damage_dealt":1419,"minecraft:swim_one_cm":12275,"minecraft:interact_with_crafting_table":11,"minecraft:fly_one_cm":78471,"minecraft:player_kills":1,"minecraft:play_time":37857,"minecraft:crouch_one_cm":603,"minecraft:sneak_time":140,"minecraft:deaths":4,"minecraft:walk_under_water_one_cm":3884,"minecraft:jump":862,"minecraft:leave_game":2,"minecraft:time_since_death":26450,"minecraft:walk_on_water_one_cm":5377,"minecraft:sleep_in_bed":3,"minecraft:total_world_time":37857,"minecraft:fall_one_cm":19815}},"DataVersion":3465}