{"stats":{"minecraft:picked_up":{"minecraft:crafting_table":2,"minecraft:leather":2,"minecraft:torch":1,"minecraft:porkchop":1,"minecraft:oak_log":26,"minecraft:white_bed":2,"minecraft:dirt":81,"minecraft:cooked_mutton":7,"minecraft:bone":1,"minecraft:wheat_seeds":7,"minecraft:beef":2,"minecraft:stone_pickaxe":1,"minecraft:cobblestone":16,"minecraft:furnace":2},"minecraft:killed":{"minecraft:pig":1,"minecraft:spider":1,"minecraft:cow":2},"minecraft:killed_by":{"minecraft:player":1,"minecraft:creeper":1,"minecraft:spider":1,"minecraft:zombie":1},"minecraft:dropped":{"minecraft:furnace":1,"minecraft:wheat_seeds":3,"minecraft:porkchop":1,"minecraft:crafting_table":1,"minecraft:leather":2,"minecraft:beef":2,"minecraft:cooked_mutton":5,"minecraft:bone":1},"minecraft:crafted":{"minecraft:oak_planks":8,"minecraft:stick":8,"minecraft:wooden_pickaxe":1,"minecraft:stone_pickaxe":1,"minecraft:stone_axe":1},"minecraft:used":{"minecraft:cooked_mutton":2,"minecraft:stone_pickaxe":7,"minecraft:wooden_pickaxe":17,"minecraft:stone_axe":3,"minecraft:dirt":57,"minecraft:white_bed":2},"minecraft:mined":{"minecraft:white_bed":3,"minecraft:furnace":2,"minecraft:lily_of_the_valley":1,"minecraft:birch_leaves":2,"minecraft:crafting_table":2,"minecraft:grass":21,"minecraft:grass_block":19,"minecraft:oak_log":3,"minecraft:poppy":1,"minecraft:dirt":7,"minecraft:stone":19,"minecraft:oak_leaves":4,"minecraft:wall_torch":1},"minecraft:custom":{"minecraft:time_since_rest":11930,"minecraft:interact_with_furnace":1,"minecraft:sprint_one_cm":85907,"minecraft:damage_taken":1377,"minecraft:walk_one_cm":72300,"minecraft:mob_kills":5,"minecraft:drop":14,"minecraft:damage_dealt":944,"minecraft:swim_one_cm":11849,"minecraft:interact_with_crafting_table":4,"minecraft:fly_one_cm":131303,"minecraft:player_kills":1,"minecraft:play_time":53474,"minecraft:crouch_one_cm":3056,"minecraft:deaths":5,"minecraft:sneak_time":556,"minecraft:walk_under_water_one_cm":3639,"minecraft:jump":894,"minecraft:leave_game":9,"minecraft:time_since_death":27861,"minecraft:walk_on_water_one_cm":5405,"minecraft:sleep_in_bed":1,"minecraft:total_world_time":53474,"minecraft:fall_one_cm":26957}},"DataVersion":3465}