{"stats":{"minecraft:picked_up":{"minecraft:crafting_table":2,"minecraft:azure_bluet":1,"minecraft:leather":2,"minecraft:oak_log":26,"minecraft:dirt":89,"minecraft:cooked_mutton":7,"minecraft:bone":1,"minecraft:wheat_seeds":7,"minecraft:beef":2,"minecraft:stone_pickaxe":1,"minecraft:furnace":3,"minecraft:torch":3,"minecraft:dandelion":1,"minecraft:porkchop":1,"minecraft:white_bed":2,"minecraft:coal":8,"minecraft:cobblestone":18},"minecraft:killed":{"minecraft:pig":1,"minecraft:spider":1,"minecraft:cow":2},"minecraft:killed_by":{"minecraft:player":1,"minecraft:creeper":1,"minecraft:spider":1,"minecraft:zombie":1},"minecraft:dropped":{"minecraft:furnace":1,"minecraft:porkchop":1,"minecraft:wheat_seeds":3,"minecraft:cooked_beef":2,"minecraft:crafting_table":1,"minecraft:cobblestone":3,"minecraft:leather":2,"minecraft:cooked_mutton":5,"minecraft:torch":1,"minecraft:beef":2,"minecraft:bone":1},"minecraft:used":{"minecraft:cooked_mutton":2,"minecraft:stone_pickaxe":13,"minecraft:chest":1,"minecraft:wooden_pickaxe":17,"minecraft:torch":1,"minecraft:dirt":63,"minecraft:white_bed":2,"minecraft:stone_axe":3,"minecraft:cobblestone":6,"minecraft:furnace":1,"minecraft:cooked_beef":2,"minecraft:dandelion":1},"minecraft:crafted":{"minecraft:cooked_beef":9,"minecraft:oak_planks":24,"minecraft:wooden_pickaxe":1,"minecraft:stone_axe":1,"minecraft:air":0,"minecraft:stick":8,"minecraft:stone_pickaxe":1,"minecraft:chest":2},"minecraft:mined":{"minecraft:white_bed":3,"minecraft:lily_of_the_valley":1,"minecraft:dandelion":2,"minecraft:crafting_table":2,"minecraft:torch":1,"minecraft:grass_block":22,"minecraft:poppy":1,"minecraft:wall_torch":1,"minecraft:furnace":3,"minecraft:birch_leaves":3,"minecraft:azure_bluet":1,"minecraft:grass":28,"minecraft:oak_log":3,"minecraft:coal_ore":3,"minecraft:dirt":11,"minecraft:stone":21,"minecraft:oak_leaves":4},"minecraft:custom":{"minecraft:interact_with_furnace":9,"minecraft:mob_kills":5,"minecraft:interact_with_crafting_table":5,"minecraft:leave_game":13,"minecraft:time_since_death":75446,"minecraft:sleep_in_bed":2,"minecraft:time_since_rest":33488,"minecraft:sprint_one_cm":102314,"minecraft:damage_taken":1452,"minecraft:walk_one_cm":119148,"minecraft:drop":20,"minecraft:damage_dealt":964,"minecraft:swim_one_cm":11849,"minecraft:fly_one_cm":151114,"minecraft:player_kills":1,"minecraft:open_chest":3,"minecraft:crouch_one_cm":4781,"minecraft:play_time":101059,"minecraft:deaths":5,"minecraft:sneak_time":1007,"minecraft:walk_under_water_one_cm":3639,"minecraft:jump":1196,"minecraft:walk_on_water_one_cm":5405,"minecraft:total_world_time":101059,"minecraft:fall_one_cm":36236}},"DataVersion":3465}